Model,Train_RMSE,Train_R2,Test_RMSE,Test_R2
RandomForest,2.0742097563232518,0.9900372720775421,5.526270807709042,0.9374605635464532
XGBoost,2.7245033545875192,0.9828111184571532,5.9702492977768244,0.9270081166397898
LightGBM,4.115219643745988,0.9607843909183732,5.648913778868874,0.9346539216379303
