Model,Train_RMSE,Train_R2,Test_RMSE,Test_R2
RandomForest,2.0427564397288016,0.9905390949775764,5.404234046745504,0.9353421271761438
XGBoost,2.9415238454295953,0.9803824732814825,5.535468150727257,0.9321637507977553
LightGBM,4.103954924225136,0.9618139558616319,5.653309556986684,0.9292447536110733
